company,role,status,resume_path
Test_5b23cc0b,Backend Intern,Applied,
Test_721b5766,SWE Intern,Applied,
Amazon_Updated,Backend Intern,Applied,
Test_dcae667e,Intern,Applied,
Test_ac7dbabd,Backend Intern,Applied,
Test_9a5d09e2,SWE Intern,Applied,
Amazon_Updated,Backend Intern,Applied,
Test_5002a62d,Intern,Applied,
Test_537206cc,Backend Intern,Applied,
Test_69ff6f36,SWE Intern,Applied,
Amazon_Updated,Backend Intern,Applied,
Test_b2137eb8,Intern,Applied,
Test_1a3eacf6,Backend Intern,Applied,
Test_e9aefef8,SWE Intern,Applied,
Amazon_Updated,Backend Intern,Applied,
Test_6408b875,Intern,Applied,
